{
  "manifest.json": 1665435450323,
  "controller/AppInventoryList.controller.js": 1665431034436,
  "utils/locate-reuse-libs.js": 1665431034440,
  "model/models.js": 1665431034440,
  "i18n/i18n.properties": 1665431034436,
  "controller/App.controller.js": 1665431034436,
  "Component.js": 1665431034436,
  "manifest-bundle.zip": 1665435450343,
  "Component-preload.js": 1665435450746,
  "controller/App-dbg.controller.js": 1665431034436,
  "model/models-dbg.js": 1665431034440,
  "controller/AppInventoryList-dbg.controller.js": 1665431034436,
  "utils/locate-reuse-libs-dbg.js": 1665431034440,
  "Component-dbg.js": 1665431034436,
  "view/AppInventoryList.view.xml": 1665431034440,
  "view/App.view.xml": 1665431034440,
  "fragments/AppInventoryTable.fragment.xml": 1665431034436,
  "fragments/AppInventoryFilterBar.fragment.xml": 1665431034436,
  "css/style.css": 1665431034436,
  "index.html": 1665431034440
}