{
  "manifest.json": 1665428345815,
  "controller/AppInventoryList.controller.js": 1665267012680,
  "utils/locate-reuse-libs.js": 1665133428038,
  "model/models.js": 1665133428042,
  "i18n/i18n.properties": 1665146576338,
  "controller/App.controller.js": 1665133428046,
  "Component.js": 1665133428034,
  "manifest-bundle.zip": 1665428345835,
  "Component-preload.js": 1665428346381,
  "model/models-dbg.js": 1665133428042,
  "utils/locate-reuse-libs-dbg.js": 1665133428038,
  "controller/AppInventoryList-dbg.controller.js": 1665267012680,
  "controller/App-dbg.controller.js": 1665133428046,
  "Component-dbg.js": 1665133428034,
  "view/AppInventoryList.view.xml": 1665141894145,
  "view/App.view.xml": 1665133428050,
  "fragments/AppInventoryTable.fragment.xml": 1665309465059,
  "fragments/AppInventoryFilterBar.fragment.xml": 1665145714454,
  "css/style.css": 1665133428046,
  "index.html": 1665133428038
}